<?xml version='1.0' encoding='utf-8' ?><?xml-stylesheet type='text/xsl' href='ExamCards.xsl' ?><UnitsExamCards><ExamCard><StudentCode>20762980</StudentCode><StudentName><![CDATA[吴志远]]></StudentName><Sex>男</Sex><ExamCode>A3102056665</ExamCode><CertificateName>身份证</CertificateName><CertificateCode>142727198303036017</CertificateCode><ExamUnitName><![CDATA[北京开放大学供销学院]]></ExamUnitName><ExamUnitCode>660015</ExamUnitCode><Photo>photo\314a60ee-1ac0-4cd0-bc91-24458a336775</Photo><ExamArrange><Arrange_CE><ExamSubject><SubjectName><![CDATA[计算机应用基础]]></SubjectName><ExamTime>2017年09月09日 08:00 - 09:30</ExamTime><RoomName><![CDATA[三层北]]></RoomName><SeatNO>14</SeatNO><ExamSite><Address><![CDATA[北京开放大学供销学院6号楼]]></Address><Busline><![CDATA[天桥、六里桥乘836路大石河站下车向东100米路北]]></Busline><Tel><![CDATA[010-89345633]]></Tel></ExamSite></ExamSubject><ExamSubject><SubjectName><![CDATA[大学英语B]]></SubjectName><ExamTime>2017年09月09日 12:30 - 14:00</ExamTime><RoomName><![CDATA[四层北]]></RoomName><SeatNO>13</SeatNO><ExamSite><Address><![CDATA[北京开放大学供销学院6号楼]]></Address><Busline><![CDATA[天桥、六里桥乘836路大石河站下车向东100米路北]]></Busline><Tel><![CDATA[010-89345633]]></Tel></ExamSite></ExamSubject></Arrange_CE></ExamArrange></ExamCard></UnitsExamCards>